time_s,tMillis,raw_vertical_accel,vertical_accel,gravity_x,gravity_y,gravity_z,quat_w,quat_x,quat_y,quat_z,centripetal_accel,value,original_value,smoothed,derivative,smoothed_derivative,rep_number,phase,phase_progress,phase_start_time,phase_end_time,phase_duration,peak_acceleration,peak_time,delta_time
62.607,100978,-0.653444,-0.636386,-0.059657,-0.658151,0.750519,0.928741,0.345343,-0.074019,0.112689,-0.004252,0.653444,-0.653444,0.653444,-2.338761,-2.338761,7,concentric,0.093333,62.593,62.743,0.15,0.653444,62.607,0.032
62.628,100999,-0.565105,-0.565205,-0.059382,-0.657251,0.751328,0.928953,0.344802,-0.073807,0.112738,-0.00324,0.565105,-0.565105,0.565105,-6.828617,-6.828617,7,concentric,0.233333,62.593,62.743,0.15,0.653444,62.607,0.021
62.644,101015,-0.423884,-0.431906,-0.059191,-0.656662,0.751859,0.929089,0.344446,-0.073671,0.112795,-0.002466,0.423884,-0.423884,0.423884,-6.050973,-6.050973,7,concentric,0.34,62.593,62.743,0.15,0.653444,62.607,0.016
62.661,101032,-0.371148,-0.364885,-0.059019,-0.656153,0.752316,0.92921,0.344142,-0.07354,0.112815,-0.001564,0.371148,-0.371148,0.371148,-5.33274,-5.33274,7,concentric,0.453333,62.593,62.743,0.15,0.653444,62.607,0.017
62.679,101050,-0.232646,-0.220935,-0.058508,-0.655829,0.752639,0.929284,0.343964,-0.073275,0.112918,-0.001031,0.232646,-0.232646,0.232646,-8.28847,-8.28847,7,concentric,0.573333,62.593,62.743,0.15,0.653444,62.607,0.018
62.696,101067,-0.082206,-0.08781,-0.057971,-0.655938,0.752586,0.929258,0.344054,-0.073034,0.113012,-0.00066,0.082206,-0.082206,0.082206,-7.345102,-7.345102,7,concentric,0.686667,62.593,62.743,0.15,0.653444,62.607,0.017
62.729,101100,0.063819,0.049432,-0.057146,-0.656953,0.751762,0.929031,0.344721,-0.072708,0.113062,-0.001977,-0.063819,0.063819,-0.063819,-2.63762,-2.63762,7,concentric,0.906667,62.593,62.743,0.15,0.653444,62.607,0.033
62.746,101117,0.093006,0.087738,-0.056671,-0.657722,0.751126,0.928856,0.345217,-0.072538,0.113094,-0.004016,-0.093006,0.093006,-0.093006,-1.125099,-1.125099,7,concentric,1.0,62.593,62.743,0.15,0.653444,62.607,0.017
