time_s,tMillis,raw_vertical_accel,vertical_accel,gravity_x,gravity_y,gravity_z,quat_w,quat_x,quat_y,quat_z,centripetal_accel,value,original_value,smoothed,derivative,smoothed_derivative,rep_number,phase,phase_progress,phase_start_time,phase_end_time,phase_duration,peak_acceleration,peak_time,delta_time
20.457,58828,-0.285608,-0.297837,-0.001298,-0.179035,0.983842,0.995708,0.089845,-0.002643,0.022068,-0.015529,0.285608,-0.285608,0.285608,3.326637,3.326637,3,concentric,0.0,20.457,20.661,0.204,0.571223,20.54,0.017
20.493,58864,-0.430289,-0.432127,-0.00049,-0.182511,0.983204,0.99556,0.091614,-0.002224,0.021491,-0.009945,0.430289,-0.430289,0.430289,4.456234,4.456234,3,concentric,0.176471,20.457,20.661,0.204,0.571223,20.54,0.036
20.509,58880,-0.504699,-0.505852,-7.6e-05,-0.183802,0.982963,0.995505,0.092273,-0.002006,0.021238,-0.007151,0.504699,-0.504699,0.504699,3.970736,3.970736,3,concentric,0.254902,20.457,20.661,0.204,0.571223,20.54,0.016
20.526,58897,-0.559921,-0.557245,0.000465,-0.18499,0.98274,0.995454,0.092881,-0.001725,0.020991,-0.005749,0.559921,-0.559921,0.559921,1.909693,1.909693,3,concentric,0.338235,20.457,20.661,0.204,0.571223,20.54,0.017
20.54,58911,-0.571223,-0.567006,0.000952,-0.185909,0.982566,0.995415,0.093352,-0.001474,0.020812,-0.005331,0.571223,-0.571223,0.571223,0.402312,0.402312,3,concentric,0.406863,20.457,20.661,0.204,0.571223,20.54,0.014
20.589,58960,-0.521492,-0.522202,0.00293,-0.189472,0.981882,0.995254,0.095178,-0.000465,0.020251,-0.006731,0.521492,-0.521492,0.521492,-1.286933,-1.286933,3,concentric,0.647059,20.457,20.661,0.204,0.571223,20.54,0.049
20.619,58990,-0.477888,-0.474437,0.004421,-0.1923,0.981326,0.99512,0.096627,0.000282,0.019967,-0.011268,0.477888,-0.477888,0.477888,-3.774006,-3.774006,3,concentric,0.794118,20.457,20.661,0.204,0.571223,20.54,0.03
20.631,59002,-0.421461,-0.417985,0.004948,-0.193635,0.981061,0.995056,0.09731,0.000545,0.019849,-0.014436,0.421461,-0.421461,0.421461,-3.737932,-3.737932,3,concentric,0.852941,20.457,20.661,0.204,0.571223,20.54,0.012
20.661,59032,-0.381645,-0.359374,0.006404,-0.197279,0.980326,0.994877,0.099172,0.001265,0.019594,-0.017339,0.381645,-0.381645,0.381645,-1.697419,-1.697419,3,concentric,1.0,20.457,20.661,0.204,0.571223,20.54,0.03
