time_s,tMillis,raw_vertical_accel,vertical_accel,gravity_x,gravity_y,gravity_z,quat_w,quat_x,quat_y,quat_z,centripetal_accel,value,original_value,smoothed,derivative,smoothed_derivative,rep_number,phase,phase_progress,phase_start_time,phase_end_time,phase_duration,peak_acceleration,peak_time,delta_time
29.702,68073,-0.233894,-0.221478,-0.008453,-0.251776,0.967749,0.99072,0.126556,-0.010455,0.04845,-0.044384,0.233894,-0.233894,0.233894,6.751091,6.751091,4,concentric,0.0,29.702,29.919,0.217,0.658173,29.777,0.017
29.718,68089,-0.312588,-0.315172,-0.009684,-0.248608,0.968556,0.990929,0.124906,-0.010981,0.048349,-0.047517,0.312588,-0.312588,0.312588,5.890973,5.890973,4,concentric,0.073733,29.702,29.919,0.217,0.658173,29.777,0.016
29.739,68110,-0.463106,-0.458732,-0.011136,-0.244081,0.969691,0.991218,0.122557,-0.011587,0.048284,-0.053913,0.463106,-0.463106,0.463106,6.462251,6.462251,4,concentric,0.170507,29.702,29.919,0.217,0.658173,29.777,0.021
29.76,68131,-0.584002,-0.565646,-0.01232,-0.239087,0.97092,0.991529,0.119978,-0.012053,0.048267,-0.062934,0.584002,-0.584002,0.584002,4.986593,4.986593,4,concentric,0.267281,29.702,29.919,0.217,0.658173,29.777,0.021
29.777,68148,-0.658173,-0.649611,-0.012975,-0.234799,0.971957,0.99179,0.117774,-0.012276,0.04829,-0.068706,0.658173,-0.658173,0.658173,2.227053,2.227053,4,concentric,0.345622,29.702,29.919,0.217,0.658173,29.777,0.017
29.796,68167,-0.65513,-0.660297,-0.013395,-0.229893,0.973124,0.992079,0.115261,-0.012373,0.048394,-0.070876,0.65513,-0.65513,0.65513,-0.666988,-0.666988,4,concentric,0.43318,29.702,29.919,0.217,0.658173,29.777,0.019
29.813,68184,-0.636082,-0.630747,-0.013803,-0.225536,0.974137,0.992329,0.11303,-0.01248,0.048503,-0.069703,0.636082,-0.636082,0.636082,-1.351179,-1.351179,4,concentric,0.511521,29.702,29.919,0.217,0.658173,29.777,0.017
29.873,68244,-0.506156,-0.511111,-0.013684,-0.213556,0.976835,0.992977,0.10693,-0.012182,0.049136,-0.041998,0.506156,-0.506156,0.506156,-3.486187,-3.486187,4,concentric,0.788018,29.702,29.919,0.217,0.658173,29.777,0.06
29.919,68290,-0.299213,-0.301605,-0.013622,-0.207965,0.978041,0.993258,0.104086,-0.012055,0.049598,-0.015525,0.299213,-0.299213,0.299213,-3.480174,-3.480174,4,concentric,1.0,29.702,29.919,0.217,0.658173,29.777,0.046
