time_s,tMillis,raw_vertical_accel,vertical_accel,gravity_x,gravity_y,gravity_z,quat_w,quat_x,quat_y,quat_z,centripetal_accel,value,original_value,smoothed,derivative,smoothed_derivative,rep_number,phase,phase_progress,phase_start_time,phase_end_time,phase_duration,peak_acceleration,peak_time,delta_time
22.232,399578,-0.081843,-0.088382,0.022089,-0.1538,0.987855,0.99641,0.077459,0.008513,0.033073,-0.097784,0.081843,-0.081843,0.081843,4.532203,4.532203,4,concentric,0.0,22.232,22.48,0.248,0.561147,22.397,0.017
22.264,399610,-0.211541,-0.228855,0.019215,-0.144263,0.989353,0.996809,0.072599,0.00728,0.032382,-0.099424,0.211541,-0.211541,0.211541,3.730259,3.730259,4,concentric,0.129032,22.232,22.48,0.248,0.561147,22.397,0.032
22.334,399680,-0.42323,-0.430867,0.012203,-0.125465,0.992023,0.997525,0.063017,0.004164,0.030902,-0.084126,0.42323,-0.42323,0.42323,2.58467,2.58467,4,concentric,0.41129,22.232,22.48,0.248,0.561147,22.397,0.07
22.397,399743,-0.561147,-0.524349,0.007266,-0.11168,0.993718,0.997987,0.056011,0.001976,0.029663,-0.055134,0.561147,-0.561147,0.561147,-0.5034,-0.5034,4,concentric,0.665323,22.232,22.48,0.248,0.561147,22.397,0.063
22.414,399760,-0.540238,-0.507029,0.005936,-0.108207,0.994111,0.998096,0.054247,0.00138,0.029319,-0.048821,0.540238,-0.540238,0.540238,-1.632125,-1.632125,4,concentric,0.733871,22.232,22.48,0.248,0.561147,22.397,0.017
22.447,399793,-0.460616,-0.444061,0.003758,-0.103466,0.994626,0.998242,0.051836,0.000391,0.028727,-0.025571,0.460616,-0.460616,0.460616,-3.1891,-3.1891,4,concentric,0.866935,22.232,22.48,0.248,0.561147,22.397,0.033
22.48,399826,-0.329757,-0.293378,0.001806,-0.10011,0.994975,0.998348,0.050123,-0.000506,0.028085,-0.014316,0.329757,-0.329757,0.329757,-4.774271,-4.774271,4,concentric,1.0,22.232,22.48,0.248,0.561147,22.397,0.033
